id,nome,data_validade,quantidade
"621","Tradicional Pão","2026-05-05","160"
"1800","Integral Peixe","2026-05-05","491"
"799","Doce Biscoito","2026-05-05","454"
"208","Premium Leite","2026-05-06","471"
"1684","Ácido Peixe","2026-05-06","261"
"469","Fresco Feijão","2026-05-06","457"
"1640","Natural Pão","2026-05-06","353"
"1948","Delicioso Sabonete","2026-05-06","255"
"945","Doce Feijão","2026-05-06","258"
"180","Delicioso Leite","2026-05-06","235"
"353","Premium Iogurte","2026-05-07","497"
"873","Tradicional Feijão","2026-05-07","157"
"876","Crocante Arroz","2026-05-07","210"
"817","Doce Iogurte","2026-05-07","437"
"160","Doce Carne","2026-05-07","316"
"569","Ácido Carne","2026-05-07","386"
"709","Premium Peixe","2026-05-08","142"
"1198","Integral Manteiga","2026-05-08","77"
"1451","Tradicional Arroz","2026-05-08","179"
"255","Orgânico Suco","2026-05-08","269"
"907","Crocante Peixe","2026-05-08","115"
"1586","Delicioso Manteiga","2026-05-08","88"
"768","Fresco Pão","2026-05-08","90"
"1845","Premium Arroz","2026-05-08","16"
"1548","Doce Pão","2026-05-09","470"
"593","Delicioso Carne","2026-05-09","9"
"1098","Natural Manteiga","2026-05-09","171"
"1635","Delicioso Frango","2026-05-09","183"
"979","Fresco Biscoito","2026-05-09","208"
"1047","Integral Iogurte","2026-05-10","403"
"430","Orgânico Carne","2026-05-10","402"
"591","Tradicional Iogurte","2026-05-10","404"
"170","Ácido Peixe","2026-05-11","452"
"196","Crocante Feijão","2026-05-11","16"
"162","Tradicional Arroz","2026-05-11","339"
"482","Orgânico Queijo","2026-05-11","254"
"1673","Natural Frango","2026-05-11","208"
"687","Delicioso Feijão","2026-05-11","175"
"1434","Crocante Suco","2026-05-11","246"
"188","Fresco Leite","2026-05-11","408"
"1578","Ácido Frango","2026-05-12","165"
"338","Ácido Leite","2026-05-12","131"
"595","Suave Peixe","2026-05-12","446"
"1055","Crocante Suco","2026-05-12","442"
"90","Crocante Carne","2026-05-12","362"
"1894","Doce Leite","2026-05-13","342"
"1116","Crocante Suco","2026-05-13","2"
"253","Integral Carne","2026-05-13","334"
"332","Doce Frango","2026-05-13","320"
"1443","Doce Suco","2026-05-13","436"
"1746","Suave Suco","2026-05-13","366"
"1971","Ácido Leite","2026-05-14","165"
"755","Integral Manteiga","2026-05-14","342"
"1456","Doce Leite","2026-05-14","306"
"1539","Natural Leite","2026-05-14","428"
"1386","Fresco Iogurte","2026-05-14","154"
"1792","Integral Queijo","2026-05-14","190"
"1400","Natural Arroz","2026-05-14","409"
"1113","Ácido Manteiga","2026-05-15","37"
"695","Delicioso Queijo","2026-05-15","471"
"1817","Orgânico Carne","2026-05-15","400"
"500","Doce Frango","2026-05-15","256"
"1651","Premium Iogurte","2026-05-16","241"
"668","Natural Feijão","2026-05-16","430"
"485","Premium Sabonete","2026-05-16","334"
"210","Delicioso Suco","2026-05-16","340"
"1987","Fresco Manteiga","2026-05-17","51"
"476","Premium Peixe","2026-05-17","279"
"1102","Tradicional Frango","2026-05-17","122"
"412","Premium Suco","2026-05-17","276"
"1133","Ácido Frango","2026-05-18","307"
"1967","Integral Peixe","2026-05-18","306"
"249","Natural Iogurte","2026-05-18","239"
"505","Doce Carne","2026-05-18","459"
"1850","Integral Suco","2026-05-18","221"
"756","Tradicional Suco","2026-05-18","79"
"930","Suave Peixe","2026-05-18","367"
"1012","Tradicional Manteiga","2026-05-18","391"
"1564","Doce Iogurte","2026-05-18","123"
"1348","Integral Manteiga","2026-05-18","256"
"1599","Premium Suco","2026-05-19","436"
"1789","Delicioso Sabonete","2026-05-19","364"
"1475","Suave Carne","2026-05-19","154"
"516","Tradicional Leite","2026-05-20","403"
"1142","Delicioso Manteiga","2026-05-20","258"
"956","Delicioso Biscoito","2026-05-20","24"
"1887","Delicioso Frango","2026-05-20","358"
"1984","Ácido Frango","2026-05-21","329"
"1242","Premium Arroz","2026-05-21","199"
"928","Crocante Queijo","2026-05-21","383"
"1401","Orgânico Manteiga","2026-05-21","68"
"335","Tradicional Pão","2026-05-22","167"
"1893","Fresco Leite","2026-05-22","185"
"345","Integral Leite","2026-05-22","217"
"1512","Natural Suco","2026-05-22","393"
"1764","Natural Carne","2026-05-22","21"
"111","Doce Arroz","2026-05-23","178"
"620","Ácido Biscoito","2026-05-23","393"
"1994","Suave Sabonete","2026-05-23","158"
"685","Delicioso Peixe","2026-05-23","245"
"1556","Natural Arroz","2026-05-23","36"
"875","Natural Suco","2026-05-24","275"
"694","Fresco Manteiga","2026-05-24","371"
"1360","Suave Frango","2026-05-24","154"
"1435","Crocante Frango","2026-05-24","29"
"1896","Crocante Frango","2026-05-24","191"
"490","Ácido Leite","2026-05-24","178"
"1465","Suave Biscoito","2026-05-25","154"
"181","Crocante Sabonete","2026-05-25","63"
"1499","Premium Carne","2026-05-25","435"
"988","Orgânico Arroz","2026-05-26","47"
"736","Crocante Iogurte","2026-05-26","297"
"1957","Crocante Sabonete","2026-05-26","276"
"212","Suave Detergente","2026-05-26","253"
"159","Orgânico Carne","2026-05-26","180"
"154","Integral Sabonete","2026-05-26","186"
"1796","Suave Biscoito","2026-05-26","394"
"1786","Delicioso Frango","2026-05-27","310"
"724","Integral Suco","2026-05-27","241"
"284","Orgânico Leite","2026-05-27","148"
"62","Ácido Manteiga","2026-05-28","396"
"88","Doce Sabonete","2026-05-28","51"
"222","Delicioso Biscoito","2026-05-28","497"
"666","Natural Suco","2026-05-28","329"
"1052","Natural Feijão","2026-05-28","406"
"1629","Ácido Queijo","2026-05-28","27"
"1897","Delicioso Peixe","2026-05-28","289"
"955","Tradicional Pão","2026-05-29","418"
"421","Fresco Manteiga","2026-05-29","426"
"1100","Orgânico Manteiga","2026-05-29","457"
"1779","Delicioso Peixe","2026-05-30","323"
"1131","Fresco Pão","2026-05-30","140"
"1667","Natural Carne","2026-05-30","83"
"924","Delicioso Queijo","2026-05-30","328"
"221","Ácido Biscoito","2026-05-31","389"
"112","Delicioso Iogurte","2026-05-31","386"
"287","Premium Queijo","2026-05-31","154"
"538","Fresco Feijão","2026-05-31","166"
"1886","Natural Carne","2026-05-31","22"
"731","Integral Feijão","2026-05-31","475"
"1152","Suave Leite","2026-06-01","371"
"389","Suave Frango","2026-06-01","396"
"1016","Suave Leite","2026-06-01","72"
"1637","Ácido Feijão","2026-06-01","443"
"1522","Natural Feijão","2026-06-01","216"
"1732","Orgânico Peixe","2026-06-01","428"
"374","Tradicional Carne","2026-06-01","419"
"142","Natural Queijo","2026-06-01","457"
"1344","Orgânico Sabonete","2026-06-02","12"
"989","Doce Peixe","2026-06-02","31"
"752","Premium Queijo","2026-06-02","422"
"1094","Natural Iogurte","2026-06-02","159"
"1683","Doce Iogurte","2026-06-02","167"
"1095","Suave Manteiga","2026-06-02","248"
"223","Natural Manteiga","2026-06-02","27"
"1218","Ácido Arroz","2026-06-03","36"
"885","Doce Iogurte","2026-06-03","249"
"763","Suave Feijão","2026-06-03","263"
"634","Delicioso Leite","2026-06-03","164"
"612","Doce Pão","2026-06-03","62"
"527","Natural Manteiga","2026-06-03","129"
"94","Ácido Detergente","2026-06-03","397"
"662","Fresco Sabonete","2026-06-04","5"
"1201","Natural Queijo","2026-06-04","127"
"744","Fresco Feijão","2026-06-04","336"
"256","Ácido Pão","2026-06-04","436"
"844","Crocante Detergente","2026-06-04","206"
"1687","Integral Leite","2026-06-04","190"
"1148","Suave Queijo","2026-06-04","460"
"1155","Premium Carne","2026-06-04","408"
"467","Orgânico Iogurte","2026-06-04","407"